ala;IGC;GCT;18.20
ala;IGC;GCC;11.70
ala;UGC;GCA;7.82
ala;UGC;GCG;7.82
arg;ICG;CGT;4.21
arg;ICG;CGC;2.70
arg;ICG;CGA;2.70
arg;CCG;CGG;1.56
arg;UCU;AGA;17.20
arg;CCU;AGG;1.72
asn;asn;AAT;9.56
asn;asn;AAC;15.60
asp;GUC;GAT;15.5
asp;GUC;GAC;25.3
cys;GCA;TGT;4.56
cys;GCA;TGC;7.47
gln;UUG;CAA;14.10
gln;CUG;CAG;1.56
gln;UUC;GAA;18.40
gln;CUC;GAG;3.13
gly;GCC;GGT;16.50
gly;GCC;GGC;27.00
gly;UCC;GGA;4.69
gly;CCC;GGG;3.13
his;GUG;CAT;8.43
his;GUG;CAC;13.80
ile;IAU;ATT;20.30
ile;IAU;ATC;13.00
ile;UAU;ATA;3.13
leu;UAA;TTA;10.90
leu;CAA;TTG;19.20
leu;GAG;CTT;0.96
leu;GAG;CTC;1.56
leu;UAG;CTA;9.00
leu;UAG;CTG;9.00
lys;UUU;AAA;6.70
lys;CUU;AAG;15.10
met;CAU;ATG;7.82
phe;GAA;TTT;8.90
phe;GAA;TTC;14.60
pro;IGG;CCT;3.13
pro;IGG;CCC;2.01
pro;UGG;CCA;15.60
pro;UGG;CCG;15.60
ser1;GCU;AGT;3.82
ser1;GCU;AGC;6.26
ser2;IGA;TCT;22.40
ser2;IGA;TCC;14.40
ser2;UGA;TCA;7.28
ser2;CGA;TCG;1.56
thr;IGU;ACT;17.40
thr;IGU;ACC;11.20
thr;UGU;ACA;6.26
thr;CGU;ACG;1.56
trp;CCA;TGG;11.70
tyr;GUA;TAT;10.40
tyr;GUA;TAC;17.00
val;IAC;GTT;19.30
val;IAC;GTC;12.40
val;UAC;GTA;3.13
val;CAC;GTG;2.87
